agent_id,name,phone,rating
A001,Lindsey Lang,649.286.1390,3.67
A002,Heidi Rodriguez,597.686.1508x2345,3.87
A003,Timothy Dudley,306.628.8953x804,4.57
A004,Victor Caldwell,,0
A005,Rebecca Mullen,998-623-6945x94755,4.47
A006,William Sullivan,(430)391-1726,3.7
A007,Courtney Stevens,+1-715-785-0893,4.39
A008,Amy Patterson,(294)393-3957,4.12
A009,John Pham,001-319-364-9142x33514,4.91
A010,Sarah Melendez,444.257.2588,4.18
A011,Erin Garcia,001-975-458-5633x2073,4.81
A012,Kimberly Porter,778-730-5912x66330,3.7
A013,Donna Cruz,(607)951-8002x9208,3.76
A014,Megan Brennan,+1-646-320-2746,4.39
A015,Molly Davis,001-843-569-3470,3.99
A016,Matthew Conley,(296)665-7280,3.92
A017,Angelica Howard,575-363-4181,3.63
A018,Eric Garcia,001-275-775-3258x8907,4.05
A019,Michael Byrd,(833)402-4113x453,4.09
A020,Angela Washington,(598)958-2101,4.07
A021,Kelly Flores,(343)353-2555x93213,4.75
A022,Brittney Parker,,0
A023,Theresa Wagner,9992031635,3.53
A024,Kimberly Peterson,+1-886-477-8874x0553,3.53
A025,Lisa Sellers,+1-451-855-2651x78399,4.34
A026,Amy Jones,,0
A027,Diana Fisher,834-792-0543x4480,3.84
A028,April Erickson,583-274-5511x0659,3.63
A029,Christian White,389-600-7297,4.19
A030,Kimberly Smith,790.374.7464x158,3.89
A031,Rebecca Solis,001-703-695-1517x114,4.78
A032,Molly Woodard MD,753.284.9309x3587,3.57
A033,Tiffany Chaney,567-737-7669x74351,4.43
A034,Kevin Harrison,(642)271-8922x771,4.4
A035,Dwayne Hill,(549)297-3451,3.72
A036,Michelle Anderson,7263435884,4.94
A037,Antonio Davies,372-724-0970,3.76
A038,Mr. Nicholas Carroll,(851)205-8247x9017,4.35
A039,Julie Jackson,257.365.8559x43262,3.52
A040,Jill Mcpherson,626-398-4245,4.29
A041,Shawn Berger,369.256.6528x132,4.66
A042,Joseph Mcbride,939-822-8405,4.89
A043,Perry Horton,+1-951-286-0339x6873,4.74
A044,Kimberly Wilson,,0
A045,Elizabeth Ramos,723.753.6999x6868,3.84
A046,Jon Perez,+1-482-762-3832x955,3.8
A047,Christopher Cross,+1-466-220-3686,4.92
A048,Paul Harrison,724-999-1288,4.72
A049,Danielle Matthews,322.910.5466,3.9
A050,Steven Mckee,550.635.2966x489,4.62
A051,Julie Wolfe DDS,,0
A052,Juan Hernandez DDS,5312587479,4.15
A053,Joseph Ryan,,0
A054,Jodi Mueller,,0
A055,Loretta Frye,,0
A056,Robert Gonzales,845-551-9794x5038,4.59
A057,Patrick Watkins,,0
A058,Gary Torres,001-884-883-6791x73581,3.77
A059,Dawn Ramos,+1-201-398-8555x90700,4.69
A060,Mary Ellis,(850)555-4644x254,3.54
A061,Jerry Long,,0
A062,Brittany Pham,+1-604-819-3982x0004,3.85
A063,Jose Stewart,,0
A064,Angelica Smith,753.765.1058,3.87
A065,Ashley Russell,240-267-4021,4.37
A066,Rachel Johnson,(846)762-1862x104,4.47
A067,Marilyn Curtis,466.470.8757,3.63
A068,Kathleen Murphy,729.425.5612,4.2
A069,Paul Harris,(657)355-3288,4.81
A070,Jessica Simpson,646.368.0672,4.96
A071,Laura Jones,,0
A072,Lindsay Hoffman,612.206.5842x37840,3.82
A073,Kelly Johnson,460.319.1207x865,4.08
A074,Krystal Farrell,675.477.3122,4.13
A075,Catherine Hawkins,001-504-376-2244,4.4
A076,Hannah Young,528-307-2645,3.61
A077,Jorge Wagner,+1-441-379-9185x5278,4.34
A078,Richard Watson,,0
A079,Olivia Munoz,,0
A080,Evan Wheeler,(443)221-2030x27209,4.21
A081,Julie Howe,,0
A082,Nicholas Gonzalez,281-936-1094,4.41
A083,John Bell,987.447.7807x9767,4.51
A084,Diane Meyer,+1-505-991-3405x581,4.7
A085,Andrew Bryant,924.224.5613,4.56
A086,Stephanie Weiss,,0
A087,Maria Wells,+1-660-295-4182x763,3.51
A088,Christine Marks,,0
A089,Sarah Perkins,203-998-2445,4.07
A090,Jill Mcdaniel,+1-436-826-4058x6602,4.97
A091,Jorge Allen,869.974.2298x3028,4.51
A092,Lisa Cox,001-246-471-1726x0414,3.7
A093,Ronald Woods,(435)788-5391x2253,4.84
A094,Jessica Travis,001-668-702-8849,3.56
A095,Amber Stanley,+1-593-900-7614x23459,3.77
A096,Laura Wall,001-340-543-0246x550,3.75
A097,Kristen Garza,001-539-861-0991x5611,4.24
A098,Matthew Williams,940.962.3578x18387,4.01
A099,Bobby Garcia,+1-532-884-4846x8409,4.2
A100,Douglas Li,001-557-981-6810x955,3.63
A101,Phillip Cruz,(241)261-8511x34778,4.57
A102,Jackie Lowe,001-203-387-4521,4.15
A103,Sydney Mendoza,7444669388,3.89
A104,Ralph Peterson,,0
A105,Travis Mcconnell,899.829.5978x69039,4.97
A106,James Castillo,,0
A107,Susan Smith,(260)676-0726x4095,4.96
A108,Elizabeth Raymond,(508)349-3959x2077,3.92
A109,Geoffrey Barnett,6862619362,4.04
A110,Joshua Mayer,+1-447-435-7296x756,4.15
A111,Mrs. Emily Ruiz,798-389-2419x174,4.85
A112,Linda Jackson DVM,+1-912-442-8709,3.89
A113,Austin Barber,966-214-8126x228,4.74
A114,Edwin Hayes,(894)606-7130x501,4.89
A115,Patricia Williams MD,500-921-9634x7435,4.28
A116,Barbara Rodriguez,(663)907-4347,4.15
A117,Aaron Miller,527-896-3687x764,3.75
A118,William Marks,402-413-4707,4.61
A119,Jill Mclean,649.566.2850x9734,4.24
A120,Michael Jimenez,001-585-610-5937x696,4.93
A121,Susan Thompson,517-741-9287,4.33
A122,Deanna Lee,+1-677-994-3368x223,4.88
A123,Stephanie Le,+1-620-635-4767x158,4.45
A124,Leslie Andrade,+1-778-640-0943,4.16
A125,Jessica Rodriguez,001-469-229-1253x0773,3.78
A126,Amanda Todd,,0
A127,Susan Williams,+1-977-538-0138x292,3.77
A128,Olivia Johnson,711.910.9651x93208,4.21
A129,Sydney Dunn,+1-572-570-9480x64124,3.75
A130,Nathan Joseph,8523187650,4.2
A131,Elizabeth Harding,378.997.1939x5588,3.67
A132,Matthew Caldwell,+1-606-860-6480x851,4.84
A133,Stephanie Soto,205.909.5406x9059,4.24
A134,Maria Lewis,+1-963-795-9859x633,4.16
A135,Keith Wilson,+1-550-373-1770x02431,4.98
A136,Nicholas Moreno,884-294-6345x6498,4.34
A137,John Martin,,0
A138,Carrie Maxwell,001-695-456-3531x88295,3.67
A139,Miguel Anderson,001-631-778-1743x51928,4.58
A140,Leslie Hall,497-377-7827x5441,3.72
A141,Samuel Thompson,239-335-7658x50098,4.02
A142,Stanley Barnett,320.663.0988,3.81
A143,Kathryn Berry,001-576-932-9779x844,3.93
A144,Robert Dennis,(772)805-6902x6231,4.75
A145,Roger Gonzalez,(281)633-0849x14664,4.62
A146,Ashley Duke,+1-990-960-1869x1995,4.73
A147,Henry Perez,,0
A148,Dr. Leslie Terry,713-342-9518,4.49
A149,Joseph Camacho,(580)331-9340,3.82
A150,David Paul,,0
A151,Cassandra Turner,691.978.7874x0456,3.51
A152,Stacey Ochoa,001-763-635-2397x137,4.65
A153,Paula Carter,3659343104,3.77
A154,Wendy Miller,001-664-391-0460x895,4.88
A155,Frances Clarke,895-748-6662x71543,3.87
A156,Joseph Maynard,001-422-973-7264x2604,4.25
A157,Jared Cruz,586.275.0230x58846,3.64
A158,Eric Moore,+1-208-793-2653x418,3.99
A159,Steven Huber,(758)918-6205x72493,3.93
A160,Gary Walsh,001-647-880-9572,4.97
A161,Elizabeth Young,892-818-9576,3.68
A162,Jamie Jones,+1-691-552-5683x0029,4.06
A163,Mr. Adam Mccullough,(689)233-0273,4.89
A164,Gregory Russo,+1-207-319-3082,3.66
A165,Ronnie Carey,838-458-7788x6031,3.99
A166,Adam Walker,9084643032,3.54
A167,Anthony Willis,(321)365-5438x0500,4.19
A168,James Osborn,001-684-979-0375x13346,4.56
A169,Alejandra Smith,(578)786-1246x5465,4.22
A170,Mrs. Connie Hill DDS,457.699.4978x3156,4.44
A171,Isabel Davis,839.682.3534,3.9
A172,Catherine Jackson,,0
A173,Laura Barnes,382-594-4935,3.99
A174,Stephen Ramsey,(980)479-4809,3.57
A175,Ryan Nichols,,0
A176,Charles Greene,+1-528-548-9548x22857,4.18
A177,Brandon Hobbs,963.373.4081x352,4.92
A178,John King,350.683.8265x3867,5.0
A179,Morgan Donaldson,538.604.2753x09980,4.86
A180,Daniel Bullock,241.640.9663,4.7
A181,Michelle Morgan,329-669-7933,3.69
A182,Sara Castillo,762-921-3120,4.79
A183,Timothy Carter,260-785-1651x2089,4.7
A184,Christopher Hill,279-488-1499x8136,3.92
A185,Roger Stephens,,0
A186,Jennifer Sanchez,,0
A187,Thomas Lucas,,0
A188,Cynthia Russell,+1-756-516-7837,4.4
A189,Zachary White,(722)699-8782x63857,3.64
A190,Aaron Mcmillan,(442)545-4952x0234,3.88
A191,Justin Mitchell,,0
A192,Julia Allen,+1-368-567-1370,4.66
A193,Veronica Brown,791-579-0256,4.1
A194,Gordon Ryan,001-719-741-4870x8804,3.53
A195,Laura Mitchell,5465418508,3.81
A196,Rachel Smith,(918)624-1549x6337,4.08
A197,Craig Murillo,403-406-1350x2002,4.1
A198,Timothy Werner,001-414-351-2403x564,4.47
A199,Gloria Mata,(657)343-3274,4.93
A200,Ronald Gonzales,001-830-475-6472,3.73
A201,Robert Webster,001-465-455-1421x38307,3.95
A202,David Marshall,001-548-710-1934x9395,4.7
A203,Kevin Lopez,(284)722-3185x867,4.6
A204,Sabrina Wolfe,(479)678-7210x39949,4.88
A205,John Hill,858.964.0557x8377,4.86
A206,Jennifer Jordan,7648321670,4.41
A207,Christopher Williams,764.345.2235x36352,4.04
A208,Mary Taylor,+1-372-366-7380x677,3.64
A209,Travis Jones,(851)961-4317x109,4.05
A210,Kevin Carpenter,768-451-3896,3.8
A211,Jordan Finley MD,001-486-332-1602x47831,4.17
A212,David King,+1-329-466-9837x073,4.08
A213,Kristin Butler,,0
A214,Robin Walter,(713)369-4110,4.4
A215,Angela Mitchell,480-752-0511x8003,3.64
A216,James Massey,+1-765-731-5082x835,4.13
A217,Daniel Dennis,(959)833-6538x3069,4.05
A218,Stephanie Gomez,+1-882-968-1641x45145,3.78
A219,Anthony Phillips,5097214621,4.45
A220,David Perkins,(531)882-2152,3.64
A221,Kelly Gomez,544-836-2191,4.27
A222,Deborah Parker,981-828-6955x589,4.96
A223,Troy Jackson,+1-445-845-9591x719,4.51
A224,Tyler Clark,7062711744,4.47
A225,Scott Howell,,0
A226,Katrina Hanson,265-538-0676,4.9
A227,Martha Glenn,,0
A228,Melissa Duran DDS,001-387-443-5886x88173,4.47
A229,Jamie Ramirez MD,+1-406-998-7035x42503,3.63
A230,Scott Fields,+1-921-602-1154x037,4.2
A231,Jacob Williams,(499)373-8486,3.62
A232,Carl Anderson,+1-743-290-9388x94556,4.7
A233,Ashley Juarez,(647)618-3469,3.95
A234,Sandra Evans,685.884.4544x2215,4.98
A235,Natalie Arroyo,,0
A236,Gregory Harris,+1-460-951-4859,3.95
A237,Ryan Patterson,283-960-8805x02958,3.87
A238,Tina Rodriguez,001-820-496-2749x53288,4.14
A239,Diane Bowen,+1-284-623-6803x312,4.35
A240,Joyce Morris,6925397326,4.33
A241,John Klein,593-833-4930x645,4.88
A242,Aaron Anderson,+1-372-744-0701,4.27
A243,Benjamin Smith,,0
A244,Cynthia Edwards,+1-722-216-0031x8880,4.12
A245,Teresa Ryan,471.203.9823,4.2
A246,Scott Martinez,001-839-400-5159x36341,4.58
A247,Garrett Gibson,894-787-3055,4.72
A248,Mrs. Vanessa Gutierrez,+1-587-935-3807,4.03
A249,Justin Williams,(850)800-1876x1012,4.38
A250,Kristin King,001-952-579-9483x86376,4.65
A251,Sarah Goodwin,001-890-641-0993,3.52
A252,Christine Shea,+1-451-221-0399x281,4.61
A253,Sharon Brown,001-444-529-9078,4.19
A254,Xavier Moore,669-547-9604,4.68
A255,Victor Bautista,896-781-7889,4.76
A256,Robin Carlson,,0
A257,Debra Weber,001-322-575-9660x3948,4.12
A258,Keith Collins,707-968-9195x29382,4.56
A259,Joshua Porter,,0
A260,Claudia Smith,,0
A261,Ralph Morales,+1-380-468-4610,4.64
A262,Isaac Barrera,001-722-548-2655x9597,4.17
A263,Sarah Garcia,548-547-2562x71272,4.71
A264,Justin Figueroa,+1-557-569-4105,4.01
A265,Mary Bell,367.707.8579,4.88
A266,William Hawkins,001-970-719-4328x476,4.72
A267,Casey Wright,791.685.8134x647,3.82
A268,Dennis Larsen,690-556-9339,3.62
A269,Melissa Clark,(200)679-6585,4.97
A270,Jessica Matthews,445.736.4315x49761,3.89
A271,Brendan Espinoza,234-323-2725x715,4.51
A272,Michael Garcia,(408)461-4000,4.15
A273,Emily Gutierrez,523.479.3052x357,3.53
A274,David Guerrero,(772)307-8642,4.09
A275,Lisa Baker,717-767-8563x3522,3.52
A276,Jessica Nguyen,001-445-755-5415,4.48
A277,Gregory Mitchell,204.803.3085,4.19
A278,Yolanda Cummings,(731)420-5588,4.11
A279,James Clark,741-709-5372x7305,4.49
A280,Troy Johnson,001-907-201-4709x7108,4.62
A281,Jorge Little,(706)814-4803,4.59
A282,Maria Shah,+1-507-502-1268x50659,3.95
A283,Gabriela Baldwin,+1-566-978-7857x61368,4.72
A284,Faith Levine,001-299-606-0595x19495,4.43
A285,Annette Griffin,860.259.9393,4.54
A286,Cynthia Dean,+1-952-778-6679x898,4.94
A287,Andrew Martin,(629)754-6531x467,4.51
A288,Joshua Cook,,0
A289,Colleen Calderon,(206)735-2083x3770,3.63
A290,John Bates,(601)280-7690x7721,3.7
A291,Rachel Long,001-478-852-2058,3.79
A292,Felicia Curry,+1-470-994-3269,4.72
A293,Lisa Rodriguez,+1-484-621-7322x23458,4.54
A294,Jennifer Miller,(458)713-0212,3.78
A295,Michael Williams,7967544647,3.54
A296,Joseph Coleman,001-481-215-1888x1488,4.22
A297,Dominique Butler,+1-202-527-0951x809,3.72
A298,James Wade,+1-851-319-1493,3.86
A299,Adriana Rogers,+1-710-685-2157x01971,4.76
A300,Kathleen Barrera,(521)739-8635,4.79
A301,Barbara Daugherty,841.938.4315,4.31
A302,Walter Cuevas,001-748-926-0246x288,3.63
A303,Diane Vance,+1-974-945-3343x83463,4.65
A304,Wendy Garcia,001-975-483-9075x958,3.72
A305,David Manning,001-962-436-3817x540,4.13
A306,Christopher Huang,(977)994-4863x09964,3.67
A307,Kimberly Fields,+1-400-578-1911x556,4.85
A308,Penny Stephenson,515-476-0104,4.61
A309,Christopher Chase,309.778.9445x17061,4.17
A310,David Aguilar,487.764.9264,4.23
A311,Curtis Thompson,+1-286-568-6984x32375,3.53
A312,Colin Key,744-237-6238x8382,4.17
A313,Peggy Anderson,,0
A314,Laura Martinez,733.977.5672,3.94
A315,Scott Gonzalez,001-374-717-2134x513,4.74
A316,Theresa Davis,5093825739,4.09
A317,Sarah Martinez,001-513-299-0594x2924,4.0
A318,Kathleen Farmer,001-817-808-1850,3.65
A319,Angela May,(219)404-4727,4.77
A320,Wayne Johnson,430.310.6605x6973,4.15
A321,Angela Watson,7244935015,4.12
A322,Karen Lane,(368)505-0465x531,4.24
A323,Shelly Harris,,0
A324,Jennifer Ford,+1-257-264-7013x2567,4.6
A325,Thomas Lowe,7186567079,5.0
A326,Julia Davis,810-839-3439,3.56
A327,Shelia Williams,(886)405-3655,4.1
A328,Adam Henry,001-361-834-9192x9388,4.27
A329,James Davenport,001-456-868-7147x09579,4.59
A330,Eric Joyce,+1-927-676-5359x07696,4.9
A331,Nicholas Williams,+1-896-453-8695x13888,4.86
A332,Jacqueline Gibbs,,0
A333,Andrea Combs,+1-503-397-8881x8464,3.85
A334,Ryan Lee,553-694-3892x5709,3.59
A335,Haley Clark,741-423-9546,3.53
A336,Erika Odonnell,643-503-1129,4.36
A337,David Ramsey,(872)767-3609,4.33
A338,Lorraine Wood,825.272.7665x3918,3.9
A339,Jason Hanson,001-752-818-0055x86234,4.47
A340,Mary Richard,(246)208-0851x01641,4.83
A341,Stephanie Jones,,0
A342,Tracy Richardson MD,001-710-534-6590x7747,4.43
A343,Franklin Morris,631.620.6660,4.47
A344,Megan Obrien,830.276.9579,4.17
A345,Amanda Johnson,+1-872-441-0518x40676,4.15
A346,Nicole Mann,438.478.2166x3070,3.74
A347,Michael Elliott,763-941-7552x39252,4.59
A348,Evan Anderson,001-530-537-8615x882,4.2
A349,Sara Smith,001-482-586-7869x85992,4.16
A350,Charlene Morgan,962.426.0412x463,4.26
A351,Sheryl Johnson,2222207349,4.38
A352,Mrs. Elizabeth Fox,646-685-0804,4.53
A353,Jackie Berger,(568)874-5842,4.88
A354,Eric Coleman IV,+1-623-236-4511x49804,4.78
A355,Isabel Harris,584.219.7552,4.57
A356,Virginia Burgess,001-528-920-9923,4.2
A357,Mason Francis,446.725.2419x22497,4.82
A358,Brenda Scott,441-570-1550,4.58
A359,Amy Hernandez,299.484.0155x5155,4.09
A360,Justin Smith,001-998-397-9045x0411,4.13
A361,Andrea Johnson,+1-967-921-4853x811,4.91
A362,Douglas Moore,,0
A363,Christina Graham,,0
A364,Samantha Padilla,(293)769-9870x5620,4.21
A365,Heather Chapman,416.322.7657,4.96
A366,Karen Walker,2838644607,3.74
A367,Donald Fernandez,,0
A368,Carol Cook,856-712-3947x657,4.54
A369,Michelle Fowler,+1-481-981-1333,3.63
A370,Joan Harrison,(751)944-1174x196,4.22
A371,David Bailey,(516)692-0300x8957,3.76
A372,Melissa Santiago,211.261.2565x81133,3.73
A373,Kristen Fowler,,0
A374,Melissa Chung,657-852-2551x714,4.69
A375,Todd Blackwell,001-264-871-4907x83760,4.91
A376,Jose Robles,,0
A377,Jessica Davis,001-218-826-1159x1710,3.85
A378,Lisa Lucero,871.501.3798x17595,4.34
A379,Sean Smith,+1-713-991-4079x277,5.0
A380,Patrick Williams,(765)385-5637,4.04
A381,Peter Velasquez,+1-423-670-5443x81358,3.89
A382,Lee Short,+1-617-379-7937x470,4.52
A383,Jacqueline Ellis,(922)334-4400,3.76
A384,Jake Yates,837.758.2585,4.79
A385,Ernest Gonzalez,601.228.2223,4.26
A386,Sean Patton,351-717-3200,4.71
A387,Ryan Santana,,0
A388,Brian Hernandez,(280)909-9376x8702,3.67
A389,James Anderson,841-334-4551x3642,3.84
A390,Barbara Ross,256-793-7714x9174,4.34
A391,John Hurst,,0
A392,Sara Payne,6529244222,4.99
A393,Justin Lam,(807)253-8972x180,4.68
A394,Mark Wolfe,,0
A395,Wendy Chan,001-655-769-6386x4808,4.66
A396,Michelle Clements,777.984.1362x1863,4.34
A397,Melissa Gross DVM,848.838.7920,4.84
A398,Maurice Dudley,284.950.2936,4.78
A399,Courtney Walker,347.916.2728,4.81
A400,Anthony Moyer,402.852.1108,4.41
A302,Walter Cuevas,001-748-926-0246x288,3.63
A212,David King,+1-329-466-9837x073,4.08
A315,Scott Gonzalez,001-374-717-2134x513,4.74
A056,Robert Gonzales,845-551-9794x5038,4.59
A172,Catherine Jackson,,0
A368,Carol Cook,856-712-3947x657,4.54
A360,Justin Smith,001-998-397-9045x0411,4.13
A381,Peter Velasquez,+1-423-670-5443x81358,3.89
A207,Christopher Williams,764.345.2235x36352,4.04
A273,Emily Gutierrez,523.479.3052x357,3.53
A378,Lisa Lucero,871.501.3798x17595,4.34
A178,John King,350.683.8265x3867,5.0
A309,Christopher Chase,309.778.9445x17061,4.17
A288,Joshua Cook,,0
A207,Christopher Williams,764.345.2235x36352,4.04
A028,April Erickson,583-274-5511x0659,3.63
A136,Nicholas Moreno,884-294-6345x6498,4.34
A161,Elizabeth Young,892-818-9576,3.68
A309,Christopher Chase,309.778.9445x17061,4.17
A174,Stephen Ramsey,(980)479-4809,3.57
A158,Eric Moore,+1-208-793-2653x418,3.99
A015,Molly Davis,001-843-569-3470,3.99
A370,Joan Harrison,(751)944-1174x196,4.22
A061,Jerry Long,,0
A230,Scott Fields,+1-921-602-1154x037,4.2
A392,Sara Payne,6529244222,4.99
A393,Justin Lam,(807)253-8972x180,4.68
A320,Wayne Johnson,430.310.6605x6973,4.15
A351,Sheryl Johnson,2222207349,4.38
A390,Barbara Ross,256-793-7714x9174,4.34
A168,James Osborn,001-684-979-0375x13346,4.56
A355,Isabel Harris,584.219.7552,4.57
A281,Jorge Little,(706)814-4803,4.59
A350,Charlene Morgan,962.426.0412x463,4.26
A289,Colleen Calderon,(206)735-2083x3770,3.63
A126,Amanda Todd,,0
A138,Carrie Maxwell,001-695-456-3531x88295,3.67
A331,Nicholas Williams,+1-896-453-8695x13888,4.86
A361,Andrea Johnson,+1-967-921-4853x811,4.91
A245,Teresa Ryan,471.203.9823,4.2
A059,Dawn Ramos,+1-201-398-8555x90700,4.69
A162,Jamie Jones,+1-691-552-5683x0029,4.06
A258,Keith Collins,707-968-9195x29382,4.56
A356,Virginia Burgess,001-528-920-9923,4.2
A250,Kristin King,001-952-579-9483x86376,4.65
A248,Mrs. Vanessa Gutierrez,+1-587-935-3807,4.03
A177,Brandon Hobbs,963.373.4081x352,4.92
A139,Miguel Anderson,001-631-778-1743x51928,4.58
A325,Thomas Lowe,7186567079,5.0
A260,Claudia Smith,,0
